<?xml version="1.0" encoding="UTF-8"?>
<launch4jConfig>
  <dontWrapJar>false</dontWrapJar>
  <headerType>gui</headerType>
  <jar>C:\Users\victo\IdeaProjects\RapidChinese\out\artifacts\RapidChinese_jar\RapidChinese.jar</jar>
  <outfile>C:\Users\victo\IdeaProjects\RapidChinese\out\builds\RapidChinese\RapidChinese.exe</outfile>
  <errTitle>Java Required</errTitle>
  <cmdLine></cmdLine>
  <chdir>.</chdir>
  <priority>normal</priority>
  <downloadUrl>http://java.com/download</downloadUrl>
  <supportUrl></supportUrl>
  <stayAlive>false</stayAlive>
  <restartOnCrash>false</restartOnCrash>
  <manifest></manifest>
  <icon>C:\Users\victo\Downloads\RapidChineseLogo.ico</icon>
  <singleInstance>
    <mutexName>RapidChinese</mutexName>
    <windowTitle>Rapid Chinese</windowTitle>
  </singleInstance>
  <jre>
    <path></path>
    <bundledJre64Bit>false</bundledJre64Bit>
    <bundledJreAsFallback>false</bundledJreAsFallback>
    <minVersion>1.8.0</minVersion>
    <maxVersion></maxVersion>
    <jdkPreference>preferJre</jdkPreference>
    <runtimeBits>64/32</runtimeBits>
  </jre>
</launch4jConfig>